[
  {
    "case_id": "CASE-OVT-PO-2025-002",
    "external_id": "PO-OVT-2025-002",
    "severity": "Medium",
    "amount_total": 384000,
    "currency": "THB",
    "created_at": "2025-01-11T10:12:00Z",
    "sla_hours": 8,
    "within_sla": true,
    "auto_pass": false,
    "violations": [
      {
        "rule_id": "R-01",
        "severity": "Medium",
        "title": "Contract Unit Price Deviation",
        "delta_pct": 2.4,
        "delta_amount": 9000,
        "pending_reason": "Unit price สูงกว่าสัญญา 2.4% (Contract: ฿12.50, Requested: ฿12.80)",
        "evidence": {
          "doc_id": "DOC-CONTRACT-OVT-2024",
          "doc_name": "contract_ovaltine_raw_2024.pdf",
          "page": 6,
          "snippet": "Metal Can 400g – Unit Price ฿12.50 …",
          "url": "/docs/contract_ovaltine_raw_2024.pdf#page=6"
        }
      }
    ]
  }
]
